Campaign,Ad group,Keyword (phrase),Final URL
Search - Residential,Search - Residential,residential construction,https://camcoconstruction.net/residential/
Search - Residential,Search - Residential,licensed contractor spokane,https://camcoconstruction.net/
Search - Residential,Search - Residential,bathroom renovation contractor,https://camcoconstruction.net/residential/
Search - Residential,Search - Residential,construction contractor spokane,https://camcoconstruction.net/
Search - Residential,Search - Residential,deck builder near me,https://camcoconstruction.net/deck-construction/
Search - Residential,Search - Residential,home remodeling contractor,https://camcoconstruction.net/residential/
Search - Residential,Search - Residential,bathroom remodel contractor spokane,https://camcoconstruction.net/residential/
Search - Residential,Search - Residential,deck replacement contractor,https://camcoconstruction.net/deck-construction/
Search - Residential,Search - Residential,kitchen renovation contractor,https://camcoconstruction.net/residential/
Search - Residential,Search - Residential,home renovation contractors,https://camcoconstruction.net/residential/
Search - Residential,Search - Residential,kitchen remodeling company,https://camcoconstruction.net/residential/
Search - Residential,Search - Residential,add a room contractor,https://camcoconstruction.net/home-additions/
Search - Residential,Search - Residential,deck construction contractor,https://camcoconstruction.net/deck-construction/
Search - Residential,Search - Residential,home remodeling services,https://camcoconstruction.net/residential/
Search - Residential,Search - Residential,room addition contractor,https://camcoconstruction.net/home-additions/
Search - Residential,Search - Residential,house remodel contractor,https://camcoconstruction.net/residential/
Search - Residential,Search - Residential,kitchen remodel near me,https://camcoconstruction.net/residential/
Search - Residential,Search - Residential,residential remodeling contractor,https://camcoconstruction.net/residential/
Search - Residential,Search - Residential,residential contractor spokane,https://camcoconstruction.net/residential/
Search - Residential,Search - Residential,deck builder spokane,https://camcoconstruction.net/deck-construction/
Search - Residential,Search - Residential,house addition contractor,https://camcoconstruction.net/home-additions/
Search - Residential,Search - Residential,residential general contractor,https://camcoconstruction.net/
Search - Residential,Search - Residential,deck contractor spokane,https://camcoconstruction.net/deck-construction/
Search - Residential,Search - Residential,home extension contractor,https://camcoconstruction.net/home-additions/
Search - Residential,Search - Residential,local contractor spokane,https://camcoconstruction.net/
Search - Residential,Search - Residential,home remodel contractor spokane,https://camcoconstruction.net/residential/
Search - Residential,Search - Residential,general contractor spokane,https://camcoconstruction.net/
Search - Residential,Search - Residential,bathroom remodeling company,https://camcoconstruction.net/residential/
Search - Residential,Search - Residential,general contractor near me,https://camcoconstruction.net/
Search - Residential,Search - Residential,residential contracting company,https://camcoconstruction.net/residential/
Search - Residential,Search - Residential,home addition contractor spokane,https://camcoconstruction.net/home-additions/
Search - Residential,Search - Residential,kitchen remodel contractor,https://camcoconstruction.net/residential/
Search - Residential,Search - Residential,major home remodel contractor,https://camcoconstruction.net/residential/
Search - Residential,Search - Residential,whole home remodel contractor,https://camcoconstruction.net/residential/
Search - Residential,Search - Residential,construction company spokane,https://camcoconstruction.net/
Search - Residential,Search - Residential,kitchen remodel contractor spokane,https://camcoconstruction.net/residential/
Search - Residential,Search - Residential,home addition contractor,https://camcoconstruction.net/home-additions/
Search - Residential,Search - Residential,home builder spokane,https://camcoconstruction.net/home-additions/
Search - Residential,Search - Residential,home expansion contractor,https://camcoconstruction.net/home-additions/
Search - Residential,Search - Residential,bathroom remodel contractor,https://camcoconstruction.net/residential/
Search - Commercial,Search - Commercial - General,commercial construction contractor,https://camcoconstruction.net/commercial/
Search - Commercial,Search - Commercial - General,office buildout company,https://camcoconstruction.net/commercial/
Search - Commercial,Search - Commercial - General,office buildout contractor,https://camcoconstruction.net/commercial/
Search - Commercial,Search - Commercial - General,commercial retail renovation,https://camcoconstruction.net/commercial/
Search - Commercial,Search - Commercial - General,tenant improvement construction,https://camcoconstruction.net/commercial/
Search - Commercial,Search - Commercial - General,tenant improvement contractor,https://camcoconstruction.net/commercial/
Search - Commercial,Search - Commercial - General,commercial builder spokane,https://camcoconstruction.net/commercial/
Search - Commercial,Search - Commercial - General,commercial buildout contractor,https://camcoconstruction.net/commercial/
Search - Commercial,Search - Commercial - General,commercial construction company spokane,https://camcoconstruction.net/commercial/
Search - Commercial,Search - Commercial - General,commercial tenant improvement,https://camcoconstruction.net/commercial/
Search - Commercial,Search - Commercial - General,office construction contractor,https://camcoconstruction.net/commercial/
Search - Commercial,Search - Commercial - General,commercial building renovation,https://camcoconstruction.net/commercial/
Search - Commercial,Search - Commercial - General,leasehold improvement contractor,https://camcoconstruction.net/commercial/
Search - Commercial,Search - Commercial - General,commercial general contractor,https://camcoconstruction.net/commercial/
Search - Commercial,Search - Commercial - General,retail remodel contractor,https://camcoconstruction.net/commercial/
Search - Commercial,Search - Commercial - General,commercial remodeling contractor,https://camcoconstruction.net/commercial/
Search - Commercial,Search - Commercial - General,retail construction contractor,https://camcoconstruction.net/commercial/
Search - Commercial,Search - Commercial - General,office renovation contractor,https://camcoconstruction.net/commercial/
Search - Commercial,Search - Commercial - General,commercial contractor spokane,https://camcoconstruction.net/commercial/
Search - Commercial,Search - Commercial - General,tenant improvement contractor spokane,https://camcoconstruction.net/commercial/
Search - Commercial,Search - Commercial - General,commercial contractor near me,https://camcoconstruction.net/commercial/
Search - Commercial,Search - Commercial - General,office remodel contractor,https://camcoconstruction.net/commercial/
Search - Commercial,Search - Commercial - General,commercial renovation contractor,https://camcoconstruction.net/commercial/
Search - Commercial,Search - Commercial - General,retail buildout contractor,https://camcoconstruction.net/commercial/
Search - Commercial,Search - Commercial - General,store buildout contractor,https://camcoconstruction.net/commercial/
Search - Commercial,Search - Commercial - General,commercial remodel contractor,https://camcoconstruction.net/commercial/
