Action,Campaign,Ad group,Keyword,Match type,Final URL
Edit,Search - Residential,Search - Residential,residential construction,Phrase match,https://camcoconstruction.net/residential/
Edit,Search - Residential,Search - Residential,licensed contractor spokane,Phrase match,https://camcoconstruction.net/
Edit,Search - Residential,Search - Residential,bathroom renovation contractor,Phrase match,https://camcoconstruction.net/residential/
Edit,Search - Residential,Search - Residential,construction contractor spokane,Phrase match,https://camcoconstruction.net/
Edit,Search - Residential,Search - Residential,deck builder near me,Phrase match,https://camcoconstruction.net/deck-construction/
Edit,Search - Residential,Search - Residential,home remodeling contractor,Phrase match,https://camcoconstruction.net/residential/
Edit,Search - Residential,Search - Residential,bathroom remodel contractor spokane,Phrase match,https://camcoconstruction.net/residential/
Edit,Search - Residential,Search - Residential,deck replacement contractor,Phrase match,https://camcoconstruction.net/deck-construction/
Edit,Search - Residential,Search - Residential,kitchen renovation contractor,Phrase match,https://camcoconstruction.net/residential/
Edit,Search - Residential,Search - Residential,home renovation contractors,Phrase match,https://camcoconstruction.net/residential/
Edit,Search - Residential,Search - Residential,kitchen remodeling company,Phrase match,https://camcoconstruction.net/residential/
Edit,Search - Residential,Search - Residential,add a room contractor,Phrase match,https://camcoconstruction.net/home-additions/
Edit,Search - Residential,Search - Residential,deck construction contractor,Phrase match,https://camcoconstruction.net/deck-construction/
Edit,Search - Residential,Search - Residential,home remodeling services,Phrase match,https://camcoconstruction.net/residential/
Edit,Search - Residential,Search - Residential,room addition contractor,Phrase match,https://camcoconstruction.net/home-additions/
Edit,Search - Residential,Search - Residential,house remodel contractor,Phrase match,https://camcoconstruction.net/residential/
Edit,Search - Residential,Search - Residential,kitchen remodel near me,Phrase match,https://camcoconstruction.net/residential/
Edit,Search - Residential,Search - Residential,residential remodeling contractor,Phrase match,https://camcoconstruction.net/residential/
Edit,Search - Residential,Search - Residential,residential contractor spokane,Phrase match,https://camcoconstruction.net/residential/
Edit,Search - Residential,Search - Residential,deck builder spokane,Phrase match,https://camcoconstruction.net/deck-construction/
Edit,Search - Residential,Search - Residential,house addition contractor,Phrase match,https://camcoconstruction.net/home-additions/
Edit,Search - Residential,Search - Residential,residential general contractor,Phrase match,https://camcoconstruction.net/
Edit,Search - Residential,Search - Residential,deck contractor spokane,Phrase match,https://camcoconstruction.net/deck-construction/
Edit,Search - Residential,Search - Residential,home extension contractor,Phrase match,https://camcoconstruction.net/home-additions/
Edit,Search - Residential,Search - Residential,local contractor spokane,Phrase match,https://camcoconstruction.net/
Edit,Search - Residential,Search - Residential,home remodel contractor spokane,Phrase match,https://camcoconstruction.net/residential/
Edit,Search - Residential,Search - Residential,general contractor spokane,Phrase match,https://camcoconstruction.net/
Edit,Search - Residential,Search - Residential,bathroom remodeling company,Phrase match,https://camcoconstruction.net/residential/
Edit,Search - Residential,Search - Residential,general contractor near me,Phrase match,https://camcoconstruction.net/
Edit,Search - Residential,Search - Residential,residential contracting company,Phrase match,https://camcoconstruction.net/residential/
Edit,Search - Residential,Search - Residential,home addition contractor spokane,Phrase match,https://camcoconstruction.net/home-additions/
Edit,Search - Residential,Search - Residential,kitchen remodel contractor,Phrase match,https://camcoconstruction.net/residential/
Edit,Search - Residential,Search - Residential,major home remodel contractor,Phrase match,https://camcoconstruction.net/residential/
Edit,Search - Residential,Search - Residential,whole home remodel contractor,Phrase match,https://camcoconstruction.net/residential/
Edit,Search - Residential,Search - Residential,construction company spokane,Phrase match,https://camcoconstruction.net/
Edit,Search - Residential,Search - Residential,kitchen remodel contractor spokane,Phrase match,https://camcoconstruction.net/residential/
Edit,Search - Residential,Search - Residential,home addition contractor,Phrase match,https://camcoconstruction.net/home-additions/
Edit,Search - Residential,Search - Residential,home builder spokane,Phrase match,https://camcoconstruction.net/home-additions/
Edit,Search - Residential,Search - Residential,home expansion contractor,Phrase match,https://camcoconstruction.net/home-additions/
Edit,Search - Residential,Search - Residential,bathroom remodel contractor,Phrase match,https://camcoconstruction.net/residential/
Edit,Search - Commercial,Search - Commercial - General,commercial construction contractor,Phrase match,https://camcoconstruction.net/commercial/
Edit,Search - Commercial,Search - Commercial - General,office buildout company,Phrase match,https://camcoconstruction.net/commercial/
Edit,Search - Commercial,Search - Commercial - General,office buildout contractor,Phrase match,https://camcoconstruction.net/commercial/
Edit,Search - Commercial,Search - Commercial - General,commercial retail renovation,Phrase match,https://camcoconstruction.net/commercial/
Edit,Search - Commercial,Search - Commercial - General,tenant improvement construction,Phrase match,https://camcoconstruction.net/commercial/
Edit,Search - Commercial,Search - Commercial - General,tenant improvement contractor,Phrase match,https://camcoconstruction.net/commercial/
Edit,Search - Commercial,Search - Commercial - General,commercial builder spokane,Phrase match,https://camcoconstruction.net/commercial/
Edit,Search - Commercial,Search - Commercial - General,commercial buildout contractor,Phrase match,https://camcoconstruction.net/commercial/
Edit,Search - Commercial,Search - Commercial - General,commercial construction company spokane,Phrase match,https://camcoconstruction.net/commercial/
Edit,Search - Commercial,Search - Commercial - General,commercial tenant improvement,Phrase match,https://camcoconstruction.net/commercial/
Edit,Search - Commercial,Search - Commercial - General,office construction contractor,Phrase match,https://camcoconstruction.net/commercial/
Edit,Search - Commercial,Search - Commercial - General,commercial building renovation,Phrase match,https://camcoconstruction.net/commercial/
Edit,Search - Commercial,Search - Commercial - General,leasehold improvement contractor,Phrase match,https://camcoconstruction.net/commercial/
Edit,Search - Commercial,Search - Commercial - General,commercial general contractor,Phrase match,https://camcoconstruction.net/commercial/
Edit,Search - Commercial,Search - Commercial - General,retail remodel contractor,Phrase match,https://camcoconstruction.net/commercial/
Edit,Search - Commercial,Search - Commercial - General,commercial remodeling contractor,Phrase match,https://camcoconstruction.net/commercial/
Edit,Search - Commercial,Search - Commercial - General,retail construction contractor,Phrase match,https://camcoconstruction.net/commercial/
Edit,Search - Commercial,Search - Commercial - General,office renovation contractor,Phrase match,https://camcoconstruction.net/commercial/
Edit,Search - Commercial,Search - Commercial - General,commercial contractor spokane,Phrase match,https://camcoconstruction.net/commercial/
Edit,Search - Commercial,Search - Commercial - General,tenant improvement contractor spokane,Phrase match,https://camcoconstruction.net/commercial/
Edit,Search - Commercial,Search - Commercial - General,commercial contractor near me,Phrase match,https://camcoconstruction.net/commercial/
Edit,Search - Commercial,Search - Commercial - General,office remodel contractor,Phrase match,https://camcoconstruction.net/commercial/
Edit,Search - Commercial,Search - Commercial - General,commercial renovation contractor,Phrase match,https://camcoconstruction.net/commercial/
Edit,Search - Commercial,Search - Commercial - General,retail buildout contractor,Phrase match,https://camcoconstruction.net/commercial/
Edit,Search - Commercial,Search - Commercial - General,store buildout contractor,Phrase match,https://camcoconstruction.net/commercial/
Edit,Search - Commercial,Search - Commercial - General,commercial remodel contractor,Phrase match,https://camcoconstruction.net/commercial/
